University,Category,Email,QS 2026 Rank
Technical University of Munich (TUM),studienberatung,studium@tum.de,22
Technical University of Munich (TUM),Bewerbung Bachelor,bewerbung-bachelor@tum.de,22
Technical University of Munich (TUM),Bewerbung Master,bewerbung-master@tum.de,22
Technical University of Munich (TUM),Promotion/PhD,promotion@tum.de,22
Technical University of Munich (TUM),International Office,international@tum.de,22
Technical University of Munich (TUM),Studentensekretariat,studierendensekretariat@tum.de,22
Technical University of Munich (TUM),Studienfinanzierung,studienfinanzierung@tum.de,22
Technical University of Munich (TUM),Wohnen/Accommodation,wohnen@tum.de,22
Technical University of Munich (TUM),Informatik/Fachbereich,studium@in.tum.de,22
Technical University of Munich (TUM),Ingenieurwissenschaften,ingenieurwesen@tum.de,22
Technical University of Munich (TUM),CAS/Immatrikulation,studium@tum.de,22
Ludwig Maximilian University of Munich (LMU),studienberatung,studium@lmu.de,58
Ludwig Maximilian University of Munich (LMU),Bewerbung Bachelor,bewerbung-bachelor@lmu.de,58
Ludwig Maximilian University of Munich (LMU),Bewerbung Master,bewerbung-master@lmu.de,58
Ludwig Maximilian University of Munich (LMU),Promotion/PhD,promotion@lmu.de,58
Ludwig Maximilian University of Munich (LMU),International Office,international@lmu.de,58
Ludwig Maximilian University of Munich (LMU),Studentensekretariat,studierendensekretariat@lmu.de,58
Ludwig Maximilian University of Munich (LMU),Studienfinanzierung,studienfinanzierung@lmu.de,58
Ludwig Maximilian University of Munich (LMU),Wohnen/Accommodation,wohnen@lmu.de,58
Ludwig Maximilian University of Munich (LMU),Informatik/Fachbereich,studium@informatik.uni-muenchen.de,58
Ludwig Maximilian University of Munich (LMU),Ingenieurwissenschaften,ingenieurwesen@lmu.de,58
Ludwig Maximilian University of Munich (LMU),CAS/Immatrikulation,studium@lmu.de,58
Heidelberg University,studienberatung,studium@uni-heidelberg.de,80
Heidelberg University,Bewerbung Bachelor,bewerbung-bachelor@uni-heidelberg.de,80
Heidelberg University,Bewerbung Master,bewerbung-master@uni-heidelberg.de,80
Heidelberg University,Promotion/PhD,promotion@uni-heidelberg.de,80
Heidelberg University,International Office,international@uni-heidelberg.de,80
Heidelberg University,Studentensekretariat,studierendensekretariat@uni-heidelberg.de,80
Heidelberg University,Studienfinanzierung,studienfinanzierung@uni-heidelberg.de,80
Heidelberg University,Wohnen/Accommodation,wohnen@uni-heidelberg.de,80
Heidelberg University,Informatik/Fachbereich,studium@informatik.uni-heidelberg.de,80
Heidelberg University,Ingenieurwissenschaften,ingenieurwesen@uni-heidelberg.de,80
Heidelberg University,CAS/Immatrikulation,studium@uni-heidelberg.de,80
Freie Universität Berlin,studienberatung,studium@fu-berlin.de,88
Freie Universität Berlin,Bewerbung Bachelor,bewerbung-bachelor@fu-berlin.de,88
Freie Universität Berlin,Bewerbung Master,bewerbung-master@fu-berlin.de,88
Freie Universität Berlin,Promotion/PhD,promotion@fu-berlin.de,88
Freie Universität Berlin,International Office,international@fu-berlin.de,88
Freie Universität Berlin,Studentensekretariat,studierendensekretariat@fu-berlin.de,88
Freie Universität Berlin,Studienfinanzierung,studienfinanzierung@fu-berlin.de,88
Freie Universität Berlin,Wohnen/Accommodation,wohnen@fu-berlin.de,88
Freie Universität Berlin,Informatik/Fachbereich,informatik@fu-berlin.de,88
Freie Universität Berlin,Ingenieurwissenschaften,ingenieurwesen@fu-berlin.de,88
Freie Universität Berlin,CAS/Immatrikulation,studium@fu-berlin.de,88
Karlsruhe Institute of Technology (KIT),studienberatung,studium@kit.edu,98
Karlsruhe Institute of Technology (KIT),Bewerbung Bachelor,bewerbung-bachelor@kit.edu,98
Karlsruhe Institute of Technology (KIT),Bewerbung Master,bewerbung-master@kit.edu,98
Karlsruhe Institute of Technology (KIT),Promotion/PhD,promotion@kit.edu,98
Karlsruhe Institute of Technology (KIT),International Office,international@kit.edu,98
Karlsruhe Institute of Technology (KIT),Studentensekretariat,studierendensekretariat@kit.edu,98
Karlsruhe Institute of Technology (KIT),Studienfinanzierung,studienfinanzierung@kit.edu,98
Karlsruhe Institute of Technology (KIT),Wohnen/Accommodation,wohnen@kit.edu,98
Karlsruhe Institute of Technology (KIT),Informatik/Fachbereich,studium@informatik.kit.edu,98
Karlsruhe Institute of Technology (KIT),Ingenieurwissenschaften,ingenieurwesen@kit.edu,98
Karlsruhe Institute of Technology (KIT),CAS/Immatrikulation,studium@kit.edu,98
RWTH Aachen University,studienberatung,studsek@zhv.rwth-aachen.de,105
RWTH Aachen University,Bewerbung Bachelor,zulassung@zhv.rwth-aachen.de,105
RWTH Aachen University,Bewerbung Master,bewerbung-master@rwth-aachen.de,105
RWTH Aachen University,Promotion/PhD,promotion@rwth-aachen.de,105
RWTH Aachen University,International Office,international@rwth-aachen.de,105
RWTH Aachen University,Studentensekretariat,studierendensekretariat@rwth-aachen.de,105
RWTH Aachen University,Studienfinanzierung,studienfinanzierung@rwth-aachen.de,105
RWTH Aachen University,Wohnen/Accommodation,wohnen@rwth-aachen.de,105
RWTH Aachen University,Informatik/Fachbereich,informatik@rwth-aachen.de,105
RWTH Aachen University,Ingenieurwissenschaften,ingenieurwesen@rwth-aachen.de,105
RWTH Aachen University,CAS/Immatrikulation,studium@rwth-aachen.de,105
Humboldt University of Berlin,studienberatung,studium@hu-berlin.de,130
Humboldt University of Berlin,Bewerbung Bachelor,bewerbung-bachelor@hu-berlin.de,130
Humboldt University of Berlin,Bewerbung Master,bewerbung-master@hu-berlin.de,130
Humboldt University of Berlin,Promotion/PhD,promotion@hu-berlin.de,130
Humboldt University of Berlin,International Office,international@hu-berlin.de,130
Humboldt University of Berlin,Studentensekretariat,studierendensekretariat@hu-berlin.de,130
Humboldt University of Berlin,Studienfinanzierung,studienfinanzierung@hu-berlin.de,130
Humboldt University of Berlin,Wohnen/Accommodation,wohnen@hu-berlin.de,130
Humboldt University of Berlin,Informatik/Fachbereich,informatik@hu-berlin.de,130
Humboldt University of Berlin,Ingenieurwissenschaften,ingenieurwesen@hu-berlin.de,130
Humboldt University of Berlin,CAS/Immatrikulation,studium@hu-berlin.de,130
Technical University of Berlin (TU Berlin),studienberatung,studium@tu-berlin.de,145
Technical University of Berlin (TU Berlin),Bewerbung Bachelor,bewerbung-bachelor@tu-berlin.de,145
Technical University of Berlin (TU Berlin),Bewerbung Master,bewerbung-master@tu-berlin.de,145
Technical University of Berlin (TU Berlin),Promotion/PhD,promotion@tu-berlin.de,145
Technical University of Berlin (TU Berlin),International Office,international@tu-berlin.de,145
Technical University of Berlin (TU Berlin),Studentensekretariat,studierendensekretariat@tu-berlin.de,145
Technical University of Berlin (TU Berlin),Studienfinanzierung,studienfinanzierung@tu-berlin.de,145
Technical University of Berlin (TU Berlin),Wohnen/Accommodation,wohnen@tu-berlin.de,145
Technical University of Berlin (TU Berlin),Informatik/Fachbereich,studium@informatik.tu-berlin.de,145
Technical University of Berlin (TU Berlin),Ingenieurwissenschaften,ingenieurwesen@tu-berlin.de,145
Technical University of Berlin (TU Berlin),CAS/Immatrikulation,studium@tu-berlin.de,145
University of Hamburg,studienberatung,studium@uni-hamburg.de,193
University of Hamburg,Bewerbung Bachelor,bewerbung-bachelor@uni-hamburg.de,193
University of Hamburg,Bewerbung Master,bewerbung-master@uni-hamburg.de,193
University of Hamburg,Promotion/PhD,promotion@uni-hamburg.de,193
University of Hamburg,International Office,international@uni-hamburg.de,193
University of Hamburg,Studentensekretariat,studierendensekretariat@uni-hamburg.de,193
University of Hamburg,Studienfinanzierung,studienfinanzierung@uni-hamburg.de,193
University of Hamburg,Wohnen/Accommodation,wohnen@uni-hamburg.de,193
University of Hamburg,Informatik/Fachbereich,studium@informatik.uni-hamburg.de,193
University of Hamburg,Ingenieurwissenschaften,ingenieurwesen@uni-hamburg.de,193
University of Hamburg,CAS/Immatrikulation,studium@uni-hamburg.de,193
University of Freiburg,studienberatung,study@uni-freiburg.de,201
University of Freiburg,Bewerbung Bachelor,bewerbung-bachelor@uni-freiburg.de,201
University of Freiburg,Bewerbung Master,bewerbung-master@uni-freiburg.de,201
University of Freiburg,Promotion/PhD,promotion@uni-freiburg.de,201
University of Freiburg,International Office,international@uni-freiburg.de,201
University of Freiburg,Studentensekretariat,studierendensekretariat@uni-freiburg.de,201
University of Freiburg,Studienfinanzierung,studienfinanzierung@uni-freiburg.de,201
University of Freiburg,Wohnen/Accommodation,wohnen@uni-freiburg.de,201
University of Freiburg,Informatik/Fachbereich,studium@informatik.uni-freiburg.de,201
University of Freiburg,Ingenieurwissenschaften,ingenieurwesen@uni-freiburg.de,201
University of Freiburg,CAS/Immatrikulation,studium@uni-freiburg.de,201
University of Bonn,studienberatung,study@uni-bonn.de,207
University of Bonn,Bewerbung Bachelor,bewerbung-bachelor@uni-bonn.de,207
University of Bonn,Bewerbung Master,bewerbung-master@uni-bonn.de,207
University of Bonn,Promotion/PhD,promotion@uni-bonn.de,207
University of Bonn,International Office,international@uni-bonn.de,207
University of Bonn,Studentensekretariat,studierendensekretariat@uni-bonn.de,207
University of Bonn,Studienfinanzierung,studienfinanzierung@uni-bonn.de,207
University of Bonn,Wohnen/Accommodation,wohnen@uni-bonn.de,207
University of Bonn,Informatik/Fachbereich,studium@informatik.uni-bonn.de,207
University of Bonn,Ingenieurwissenschaften,ingenieurwesen@uni-bonn.de,207
University of Bonn,CAS/Immatrikulation,studium@uni-bonn.de,207
University of Tübingen,studienberatung,studium@uni-tuebingen.de,215
University of Tübingen,Bewerbung Bachelor,bewerbung-bachelor@uni-tuebingen.de,215
University of Tübingen,Bewerbung Master,bewerbung-master@uni-tuebingen.de,215
University of Tübingen,Promotion/PhD,promotion@uni-tuebingen.de,215
University of Tübingen,International Office,international@uni-tuebingen.de,215
University of Tübingen,Studentensekretariat,studierendensekretariat@uni-tuebingen.de,215
University of Tübingen,Studienfinanzierung,studienfinanzierung@uni-tuebingen.de,215
University of Tübingen,Wohnen/Accommodation,wohnen@uni-tuebingen.de,215
University of Tübingen,Informatik/Fachbereich,studium@informatik.uni-tuebingen.de,215
University of Tübingen,Ingenieurwissenschaften,ingenieurwesen@uni-tuebingen.de,215
University of Tübingen,CAS/Immatrikulation,studium@uni-tuebingen.de,215
Technical University of Dresden (TU Dresden),studienberatung,studium@tu-dresden.de,218
Technical University of Dresden (TU Dresden),Bewerbung Bachelor,bewerbung-bachelor@tu-dresden.de,218
Technical University of Dresden (TU Dresden),Bewerbung Master,bewerbung-master@tu-dresden.de,218
Technical University of Dresden (TU Dresden),Promotion/PhD,promotion@tu-dresden.de,218
Technical University of Dresden (TU Dresden),International Office,international@tu-dresden.de,218
Technical University of Dresden (TU Dresden),Studentensekretariat,studierendensekretariat@tu-dresden.de,218
Technical University of Dresden (TU Dresden),Studienfinanzierung,studienfinanzierung@tu-dresden.de,218
Technical University of Dresden (TU Dresden),Wohnen/Accommodation,wohnen@tu-dresden.de,218
Technical University of Dresden (TU Dresden),Informatik/Fachbereich,studium@informatik.tu-dresden.de,218
Technical University of Dresden (TU Dresden),Ingenieurwissenschaften,ingenieurwesen@tu-dresden.de,218
Technical University of Dresden (TU Dresden),CAS/Immatrikulation,studium@tu-dresden.de,218
FAU Erlangen-Nuremberg,studienberatung,studierendenverwaltung@fau.de,232
FAU Erlangen-Nuremberg,Bewerbung Bachelor,zulassungsstelle@fau.de,232
FAU Erlangen-Nuremberg,Bewerbung Master,bewerbung-master@fau.de,232
FAU Erlangen-Nuremberg,Promotion/PhD,promotion@fau.de,232
FAU Erlangen-Nuremberg,International Office,international@fau.de,232
FAU Erlangen-Nuremberg,Studentensekretariat,studierendensekretariat@fau.de,232
FAU Erlangen-Nuremberg,Studienfinanzierung,studienfinanzierung@fau.de,232
FAU Erlangen-Nuremberg,Wohnen/Accommodation,wohnen@fau.de,232
FAU Erlangen-Nuremberg,Informatik/Fachbereich,studium@informatik.fau.de,232
FAU Erlangen-Nuremberg,Ingenieurwissenschaften,ingenieurwesen@fau.de,232
FAU Erlangen-Nuremberg,CAS/Immatrikulation,studium@fau.de,232
University of Göttingen,studienberatung,studiendekanat@med.uni-goettingen.de,243
University of Göttingen,Bewerbung Bachelor,bewerbung-bachelor@uni-goettingen.de,243
University of Göttingen,Bewerbung Master,bewerbung-master@uni-goettingen.de,243
University of Göttingen,Promotion/PhD,promotion@uni-goettingen.de,243
University of Göttingen,International Office,international@uni-goettingen.de,243
University of Göttingen,Studentensekretariat,studierendensekretariat@uni-goettingen.de,243
University of Göttingen,Studienfinanzierung,studienfinanzierung@uni-goettingen.de,243
University of Göttingen,Wohnen/Accommodation,wohnen@uni-goettingen.de,243
University of Göttingen,Informatik/Fachbereich,studium@informatik.uni-goettingen.de,243
University of Göttingen,Ingenieurwissenschaften,ingenieurwesen@uni-goettingen.de,243
University of Göttingen,CAS/Immatrikulation,studium@uni-goettingen.de,243
Technical University of Darmstadt (TU Darmstadt),studienberatung,studium@tu-darmstadt.de,253
Technical University of Darmstadt (TU Darmstadt),Bewerbung Bachelor,bewerbung-bachelor@tu-darmstadt.de,253
Technical University of Darmstadt (TU Darmstadt),Bewerbung Master,bewerbung-master@tu-darmstadt.de,253
Technical University of Darmstadt (TU Darmstadt),Promotion/PhD,promotion@tu-darmstadt.de,253
Technical University of Darmstadt (TU Darmstadt),International Office,international@tu-darmstadt.de,253
Technical University of Darmstadt (TU Darmstadt),Studentensekretariat,studierendensekretariat@tu-darmstadt.de,253
Technical University of Darmstadt (TU Darmstadt),Studienfinanzierung,studienfinanzierung@tu-darmstadt.de,253
Technical University of Darmstadt (TU Darmstadt),Wohnen/Accommodation,wohnen@tu-darmstadt.de,253
Technical University of Darmstadt (TU Darmstadt),Informatik/Fachbereich,studium@informatik.tu-darmstadt.de,253
Technical University of Darmstadt (TU Darmstadt),Ingenieurwissenschaften,ingenieurwesen@tu-darmstadt.de,253
Technical University of Darmstadt (TU Darmstadt),CAS/Immatrikulation,studium@tu-darmstadt.de,253
University of Cologne,studienberatung,studium@uni-koeln.de,272
University of Cologne,Bewerbung Bachelor,bewerbung-bachelor@uni-koeln.de,272
University of Cologne,Bewerbung Master,bewerbung-master@uni-koeln.de,272
University of Cologne,Promotion/PhD,promotion@uni-koeln.de,272
University of Cologne,International Office,international@uni-koeln.de,272
University of Cologne,Studentensekretariat,studierendensekretariat@uni-koeln.de,272
University of Cologne,Studienfinanzierung,studienfinanzierung@uni-koeln.de,272
University of Cologne,Wohnen/Accommodation,wohnen@uni-koeln.de,272
University of Cologne,Informatik/Fachbereich,studium@informatik.uni-koeln.de,272
University of Cologne,Ingenieurwissenschaften,ingenieurwesen@uni-koeln.de,272
University of Cologne,CAS/Immatrikulation,studium@uni-koeln.de,272
University of Stuttgart,studienberatung,studium@uni-stuttgart.de,310
University of Stuttgart,Bewerbung Bachelor,bewerbung-bachelor@uni-stuttgart.de,310
University of Stuttgart,Bewerbung Master,bewerbung-master@uni-stuttgart.de,310
University of Stuttgart,Promotion/PhD,promotion@uni-stuttgart.de,310
University of Stuttgart,International Office,international@uni-stuttgart.de,310
University of Stuttgart,Studentensekretariat,studierendensekretariat@uni-stuttgart.de,310
University of Stuttgart,Studienfinanzierung,studienfinanzierung@uni-stuttgart.de,310
University of Stuttgart,Wohnen/Accommodation,wohnen@uni-stuttgart.de,310
University of Stuttgart,Informatik/Fachbereich,studium@informatik.uni-stuttgart.de,310
University of Stuttgart,Ingenieurwissenschaften,ingenieurwesen@uni-stuttgart.de,310
University of Stuttgart,CAS/Immatrikulation,studium@uni-stuttgart.de,310
Goethe University Frankfurt,studienberatung,studium@uni-frankfurt.de,316
Goethe University Frankfurt,Bewerbung Bachelor,bewerbung-bachelor@uni-frankfurt.de,316
Goethe University Frankfurt,Bewerbung Master,bewerbung-master@uni-frankfurt.de,316
Goethe University Frankfurt,Promotion/PhD,promotion@uni-frankfurt.de,316
Goethe University Frankfurt,International Office,international@uni-frankfurt.de,316
Goethe University Frankfurt,Studentensekretariat,studierendensekretariat@uni-frankfurt.de,316
Goethe University Frankfurt,Studienfinanzierung,studienfinanzierung@uni-frankfurt.de,316
Goethe University Frankfurt,Wohnen/Accommodation,wohnen@uni-frankfurt.de,316
Goethe University Frankfurt,Informatik/Fachbereich,studium@informatik.uni-frankfurt.de,316
Goethe University Frankfurt,Ingenieurwissenschaften,ingenieurwesen@uni-frankfurt.de,316
Goethe University Frankfurt,CAS/Immatrikulation,studium@uni-frankfurt.de,316
University of Münster,studienberatung,studium@uni-muenster.de,350
University of Münster,Bewerbung Bachelor,bewerbung-bachelor@uni-muenster.de,350
University of Münster,Bewerbung Master,bewerbung-master@uni-muenster.de,350
University of Münster,Promotion/PhD,promotion@uni-muenster.de,350
University of Münster,International Office,international.office@uni-muenster.de,350
University of Münster,Studentensekretariat,studierendensekretariat@uni-muenster.de,350
University of Münster,Studienfinanzierung,studienfinanzierung@uni-muenster.de,350
University of Münster,Wohnen/Accommodation,wohnen@uni-muenster.de,350
University of Münster,Informatik/Fachbereich,studium@informatik.uni-muenster.de,350
University of Münster,Ingenieurwissenschaften,ingenieurwesen@uni-muenster.de,350
University of Münster,CAS/Immatrikulation,studium@uni-muenster.de,350
Ruhr University Bochum,studienberatung,stud-sekretariat@ruhr-uni-bochum.de,395
Ruhr University Bochum,Bewerbung Bachelor,bewerbung-bachelor@ruhr-uni-bochum.de,395
Ruhr University Bochum,Bewerbung Master,bewerbung-master@ruhr-uni-bochum.de,395
Ruhr University Bochum,Promotion/PhD,promotion@ruhr-uni-bochum.de,395
Ruhr University Bochum,International Office,international@rub.de,395
Ruhr University Bochum,Studentensekretariat,studierendensekretariat@ruhr-uni-bochum.de,395
Ruhr University Bochum,Studienfinanzierung,studienfinanzierung@ruhr-uni-bochum.de,395
Ruhr University Bochum,Wohnen/Accommodation,wohnen@ruhr-uni-bochum.de,395
Ruhr University Bochum,Informatik/Fachbereich,informatik@ruhr-uni-bochum.de,395
Ruhr University Bochum,Ingenieurwissenschaften,ingenieurwesen@ruhr-uni-bochum.de,395
Ruhr University Bochum,CAS/Immatrikulation,studium@ruhr-uni-bochum.de,395
University of Würzburg,studienberatung,studienberatung@uni-wuerzburg.de,416
University of Würzburg,Bewerbung Bachelor,bewerbung-bachelor@uni-wuerzburg.de,416
University of Würzburg,Bewerbung Master,bewerbung-master@uni-wuerzburg.de,416
University of Würzburg,Promotion/PhD,promotion@uni-wuerzburg.de,416
University of Würzburg,International Office,international@uni-wuerzburg.de,416
University of Würzburg,Studentensekretariat,studierendensekretariat@uni-wuerzburg.de,416
University of Würzburg,Studienfinanzierung,studienfinanzierung@uni-wuerzburg.de,416
University of Würzburg,Wohnen/Accommodation,wohnen@uni-wuerzburg.de,416
University of Würzburg,Informatik/Fachbereich,studium@informatik.uni-wuerzburg.de,416
University of Würzburg,Ingenieurwissenschaften,ingenieurwesen@uni-wuerzburg.de,416
University of Würzburg,CAS/Immatrikulation,studium@uni-wuerzburg.de,416
University of Mannheim,studienberatung,studium@uni-mannheim.de,416
University of Mannheim,Bewerbung Bachelor,bewerbung-bachelor@uni-mannheim.de,416
University of Mannheim,Bewerbung Master,bewerbung-master@uni-mannheim.de,416
University of Mannheim,Promotion/PhD,promotion@uni-mannheim.de,416
University of Mannheim,International Office,international@uni-mannheim.de,416
University of Mannheim,Studentensekretariat,studierendensekretariat@uni-mannheim.de,416
University of Mannheim,Studienfinanzierung,studienfinanzierung@uni-mannheim.de,416
University of Mannheim,Wohnen/Accommodation,wohnen@uni-mannheim.de,416
University of Mannheim,Informatik/Fachbereich,studium@informatik.uni-mannheim.de,416
University of Mannheim,Ingenieurwissenschaften,ingenieurwesen@uni-mannheim.de,416
University of Mannheim,CAS/Immatrikulation,studium@uni-mannheim.de,416
Leibniz University Hannover,studienberatung,studium@uni-hannover.de,433
Leibniz University Hannover,Bewerbung Bachelor,bewerbung-bachelor@uni-hannover.de,433
Leibniz University Hannover,Bewerbung Master,bewerbung-master@uni-hannover.de,433
Leibniz University Hannover,Promotion/PhD,promotion@uni-hannover.de,433
Leibniz University Hannover,International Office,international@uni-hannover.de,433
Leibniz University Hannover,Studentensekretariat,studierendensekretariat@uni-hannover.de,433
Leibniz University Hannover,Studienfinanzierung,studienfinanzierung@uni-hannover.de,433
Leibniz University Hannover,Wohnen/Accommodation,wohnen@uni-hannover.de,433
Leibniz University Hannover,Informatik/Fachbereich,studium@informatik.uni-hannover.de,433
Leibniz University Hannover,Ingenieurwissenschaften,ingenieurwesen@uni-hannover.de,433
Leibniz University Hannover,CAS/Immatrikulation,studium@uni-hannover.de,433
University of Konstanz,studienberatung,studium@uni-konstanz.de,440
University of Konstanz,Bewerbung Bachelor,bewerbung-bachelor@uni-konstanz.de,440
University of Konstanz,Bewerbung Master,bewerbung-master@uni-konstanz.de,440
University of Konstanz,Promotion/PhD,promotion@uni-konstanz.de,440
University of Konstanz,International Office,international@uni-konstanz.de,440
University of Konstanz,Studentensekretariat,studierendensekretariat@uni-konstanz.de,440
University of Konstanz,Studienfinanzierung,studienfinanzierung@uni-konstanz.de,440
University of Konstanz,Wohnen/Accommodation,wohnen@uni-konstanz.de,440
University of Konstanz,Informatik/Fachbereich,studium@informatik.uni-konstanz.de,440
University of Konstanz,Ingenieurwissenschaften,ingenieurwesen@uni-konstanz.de,440
University of Konstanz,CAS/Immatrikulation,studium@uni-konstanz.de,440
University of Bayreuth,studienberatung,studium@uni-bayreuth.de,448
University of Bayreuth,Bewerbung Bachelor,bewerbung-bachelor@uni-bayreuth.de,448
University of Bayreuth,Bewerbung Master,bewerbung-master@uni-bayreuth.de,448
University of Bayreuth,Promotion/PhD,promotion@uni-bayreuth.de,448
University of Bayreuth,International Office,international@uni-bayreuth.de,448
University of Bayreuth,Studentensekretariat,studierendensekretariat@uni-bayreuth.de,448
University of Bayreuth,Studienfinanzierung,studienfinanzierung@uni-bayreuth.de,448
University of Bayreuth,Wohnen/Accommodation,wohnen@uni-bayreuth.de,448
University of Bayreuth,Informatik/Fachbereich,studium@informatik.uni-bayreuth.de,448
University of Bayreuth,Ingenieurwissenschaften,ingenieurwesen@uni-bayreuth.de,448
University of Bayreuth,CAS/Immatrikulation,studium@uni-bayreuth.de,448
Johannes Gutenberg University Mainz,studienberatung,studium@uni-mainz.de,452
Johannes Gutenberg University Mainz,Bewerbung Bachelor,bewerbung-bachelor@uni-mainz.de,452
Johannes Gutenberg University Mainz,Bewerbung Master,bewerbung-master@uni-mainz.de,452
Johannes Gutenberg University Mainz,Promotion/PhD,promotion@uni-mainz.de,452
Johannes Gutenberg University Mainz,International Office,international@uni-mainz.de,452
Johannes Gutenberg University Mainz,Studentensekretariat,studierendensekretariat@uni-mainz.de,452
Johannes Gutenberg University Mainz,Studienfinanzierung,studienfinanzierung@uni-mainz.de,452
Johannes Gutenberg University Mainz,Wohnen/Accommodation,wohnen@uni-mainz.de,452
Johannes Gutenberg University Mainz,Informatik/Fachbereich,studium@informatik.uni-mainz.de,452
Johannes Gutenberg University Mainz,Ingenieurwissenschaften,ingenieurwesen@uni-mainz.de,452
Johannes Gutenberg University Mainz,CAS/Immatrikulation,studium@uni-mainz.de,452
University of Potsdam,studienberatung,studium@uni-potsdam.de,477
University of Potsdam,Bewerbung Bachelor,bewerbung-bachelor@uni-potsdam.de,477
University of Potsdam,Bewerbung Master,bewerbung-master@uni-potsdam.de,477
University of Potsdam,Promotion/PhD,promotion@uni-potsdam.de,477
University of Potsdam,International Office,international@uni-potsdam.de,477
University of Potsdam,Studentensekretariat,studierendensekretariat@uni-potsdam.de,477
University of Potsdam,Studienfinanzierung,studienfinanzierung@uni-potsdam.de,477
University of Potsdam,Wohnen/Accommodation,wohnen@uni-potsdam.de,477
University of Potsdam,Informatik/Fachbereich,studium@informatik.uni-potsdam.de,477
University of Potsdam,Ingenieurwissenschaften,ingenieurwesen@uni-potsdam.de,477
University of Potsdam,CAS/Immatrikulation,studium@uni-potsdam.de,477
TU Bergakademie Freiberg,studienberatung,studium@tu-freiberg.de,487
TU Bergakademie Freiberg,Bewerbung Bachelor,zulassungsbuero@zuv.tu-freiberg.de,487
TU Bergakademie Freiberg,Bewerbung Master,bewerbung-master@tu-freiberg.de,487
TU Bergakademie Freiberg,Promotion/PhD,promotion@tu-freiberg.de,487
TU Bergakademie Freiberg,International Office,international@tu-freiberg.de,487
TU Bergakademie Freiberg,Studentensekretariat,studierendensekretariat@tu-freiberg.de,487
TU Bergakademie Freiberg,Studienfinanzierung,studienfinanzierung@tu-freiberg.de,487
TU Bergakademie Freiberg,Wohnen/Accommodation,wohnen@tu-freiberg.de,487
TU Bergakademie Freiberg,Informatik/Fachbereich,studium@informatik.tu-freiberg.de,487
TU Bergakademie Freiberg,Ingenieurwissenschaften,ingenieurwesen@tu-freiberg.de,487
TU Bergakademie Freiberg,CAS/Immatrikulation,studium@tu-freiberg.de,487
Justus Liebig University Giessen,studienberatung,studium@uni-giessen.de,496
Justus Liebig University Giessen,Bewerbung Bachelor,bewerbung-bachelor@uni-giessen.de,496
Justus Liebig University Giessen,Bewerbung Master,bewerbung-master@uni-giessen.de,496
Justus Liebig University Giessen,Promotion/PhD,promotion@uni-giessen.de,496
Justus Liebig University Giessen,International Office,international@uni-giessen.de,496
Justus Liebig University Giessen,Studentensekretariat,studierendensekretariat@uni-giessen.de,496
Justus Liebig University Giessen,Studienfinanzierung,studienfinanzierung@uni-giessen.de,496
Justus Liebig University Giessen,Wohnen/Accommodation,wohnen@uni-giessen.de,496
Justus Liebig University Giessen,Informatik/Fachbereich,studium@informatik.uni-giessen.de,496
Justus Liebig University Giessen,Ingenieurwissenschaften,ingenieurwesen@uni-giessen.de,496
Justus Liebig University Giessen,CAS/Immatrikulation,studium@uni-giessen.de,496
University of Bremen,studienberatung,studium@uni-bremen.de,530
University of Bremen,Bewerbung Bachelor,bewerbung-bachelor@uni-bremen.de,530
University of Bremen,Bewerbung Master,bewerbung-master@uni-bremen.de,530
University of Bremen,Promotion/PhD,promotion@uni-bremen.de,530
University of Bremen,International Office,international@uni-bremen.de,530
University of Bremen,Studentensekretariat,studierendensekretariat@uni-bremen.de,530
University of Bremen,Studienfinanzierung,studienfinanzierung@uni-bremen.de,530
University of Bremen,Wohnen/Accommodation,wohnen@uni-bremen.de,530
University of Bremen,Informatik/Fachbereich,studium@informatik.uni-bremen.de,530
University of Bremen,Ingenieurwissenschaften,ingenieurwesen@uni-bremen.de,530
University of Bremen,CAS/Immatrikulation,studium@uni-bremen.de,530
Leipzig University,studienberatung,studium@uni-leipzig.de,535
Leipzig University,Bewerbung Bachelor,bewerbung-bachelor@uni-leipzig.de,535
Leipzig University,Bewerbung Master,bewerbung-master@uni-leipzig.de,535
Leipzig University,Promotion/PhD,promotion@uni-leipzig.de,535
Leipzig University,International Office,international@uni-leipzig.de,535
Leipzig University,Studentensekretariat,studierendensekretariat@uni-leipzig.de,535
Leipzig University,Studienfinanzierung,studienfinanzierung@uni-leipzig.de,535
Leipzig University,Wohnen/Accommodation,wohnen@uni-leipzig.de,535
Leipzig University,Informatik/Fachbereich,studium@informatik.uni-leipzig.de,535
Leipzig University,Ingenieurwissenschaften,ingenieurwesen@uni-leipzig.de,535
Leipzig University,CAS/Immatrikulation,studium@uni-leipzig.de,535
Ulm University,studienberatung,studium@uni-ulm.de,546
Ulm University,Bewerbung Bachelor,bewerbung-bachelor@uni-ulm.de,546
Ulm University,Bewerbung Master,bewerbung-master@uni-ulm.de,546
Ulm University,Promotion/PhD,promotion@uni-ulm.de,546
Ulm University,International Office,international@uni-ulm.de,546
Ulm University,Studentensekretariat,studierendensekretariat@uni-ulm.de,546
Ulm University,Studienfinanzierung,studienfinanzierung@uni-ulm.de,546
Ulm University,Wohnen/Accommodation,wohnen@uni-ulm.de,546
Ulm University,Informatik/Fachbereich,studium@informatik.uni-ulm.de,546
Ulm University,Ingenieurwissenschaften,ingenieurwesen@uni-ulm.de,546
Ulm University,CAS/Immatrikulation,studium@uni-ulm.de,546
Friedrich Schiller University Jena,studienberatung,studium@uni-jena.de,575
Friedrich Schiller University Jena,Bewerbung Bachelor,bewerbung-bachelor@uni-jena.de,575
Friedrich Schiller University Jena,Bewerbung Master,bewerbung-master@uni-jena.de,575
Friedrich Schiller University Jena,Promotion/PhD,promotion@uni-jena.de,575
Friedrich Schiller University Jena,International Office,international@uni-jena.de,575
Friedrich Schiller University Jena,Studentensekretariat,studierendensekretariat@uni-jena.de,575
Friedrich Schiller University Jena,Studienfinanzierung,studienfinanzierung@uni-jena.de,575
Friedrich Schiller University Jena,Wohnen/Accommodation,wohnen@uni-jena.de,575
Friedrich Schiller University Jena,Informatik/Fachbereich,studium@informatik.uni-jena.de,575
Friedrich Schiller University Jena,Ingenieurwissenschaften,ingenieurwesen@uni-jena.de,575
Friedrich Schiller University Jena,CAS/Immatrikulation,studium@uni-jena.de,575
Kiel University,studienberatung,studium@uni-kiel.de,618
Kiel University,Bewerbung Bachelor,bewerbung-bachelor@uni-kiel.de,618
Kiel University,Bewerbung Master,bewerbung-master@uni-kiel.de,618
Kiel University,Promotion/PhD,promotion@uni-kiel.de,618
Kiel University,International Office,international@uni-kiel.de,618
Kiel University,Studentensekretariat,studierendensekretariat@uni-kiel.de,618
Kiel University,Studienfinanzierung,studienfinanzierung@uni-kiel.de,618
Kiel University,Wohnen/Accommodation,wohnen@uni-kiel.de,618
Kiel University,Informatik/Fachbereich,studium@informatik.uni-kiel.de,618
Kiel University,Ingenieurwissenschaften,ingenieurwesen@uni-kiel.de,618
Kiel University,CAS/Immatrikulation,studium@uni-kiel.de,618
Saarland University,studienberatung,studium@uni-saarland.de,635
Saarland University,Bewerbung Bachelor,bewerbung-bachelor@uni-saarland.de,635
Saarland University,Bewerbung Master,bewerbung-master@uni-saarland.de,635
Saarland University,Promotion/PhD,promotion@uni-saarland.de,635
Saarland University,International Office,international@uni-saarland.de,635
Saarland University,Studentensekretariat,studierendensekretariat@uni-saarland.de,635
Saarland University,Studienfinanzierung,studienfinanzierung@uni-saarland.de,635
Saarland University,Wohnen/Accommodation,wohnen@uni-saarland.de,635
Saarland University,Informatik/Fachbereich,studium@informatik.uni-saarland.de,635
Saarland University,Ingenieurwissenschaften,ingenieurwesen@uni-saarland.de,635
Saarland University,CAS/Immatrikulation,studium@uni-saarland.de,635
TU Dortmund University,studienberatung,studiengangswechsel@tu-dortmund.de,673
TU Dortmund University,Bewerbung Bachelor,zulassungsverfahren@tu-dortmund.de,673
TU Dortmund University,Bewerbung Master,master-studium@tu-dortmund.de,673
TU Dortmund University,Promotion/PhD,promotion@tu-dortmund.de,673
TU Dortmund University,International Office,international@tu-dortmund.de,673
TU Dortmund University,Studentensekretariat,studierendensekretariat@tu-dortmund.de,673
TU Dortmund University,Studienfinanzierung,studienfinanzierung@tu-dortmund.de,673
TU Dortmund University,Wohnen/Accommodation,wohnen@tu-dortmund.de,673
TU Dortmund University,Informatik/Fachbereich,studium@informatik.tu-dortmund.de,673
TU Dortmund University,Ingenieurwissenschaften,ingenieurwesen@tu-dortmund.de,673
TU Dortmund University,CAS/Immatrikulation,studium@tu-dortmund.de,673
University of Regensburg,studienberatung,studium@uni-regensburg.de,691
University of Regensburg,Bewerbung Bachelor,bewerbung-bachelor@uni-regensburg.de,691
University of Regensburg,Bewerbung Master,bewerbung-master@uni-regensburg.de,691
University of Regensburg,Promotion/PhD,promotion@uni-regensburg.de,691
University of Regensburg,International Office,international@uni-regensburg.de,691
University of Regensburg,Studentensekretariat,studierendensekretariat@uni-regensburg.de,691
University of Regensburg,Studienfinanzierung,studienfinanzierung@uni-regensburg.de,691
University of Regensburg,Wohnen/Accommodation,wohnen@uni-regensburg.de,691
University of Regensburg,Informatik/Fachbereich,studium@informatik.uni-regensburg.de,691
University of Regensburg,Ingenieurwissenschaften,ingenieurwesen@uni-regensburg.de,691
University of Regensburg,CAS/Immatrikulation,studium@uni-regensburg.de,691
Technical University of Braunschweig,studienberatung,studium@tu-braunschweig.de,711
Technical University of Braunschweig,Bewerbung Bachelor,bewerbung-bachelor@tu-braunschweig.de,711
Technical University of Braunschweig,Bewerbung Master,bewerbung-master@tu-braunschweig.de,711
Technical University of Braunschweig,Promotion/PhD,promotion@tu-braunschweig.de,711
Technical University of Braunschweig,International Office,international@tu-braunschweig.de,711
Technical University of Braunschweig,Studentensekretariat,studierendensekretariat@tu-braunschweig.de,711
Technical University of Braunschweig,Studienfinanzierung,studienfinanzierung@tu-braunschweig.de,711
Technical University of Braunschweig,Wohnen/Accommodation,wohnen@tu-braunschweig.de,711
Technical University of Braunschweig,Informatik/Fachbereich,studium@informatik.tu-braunschweig.de,711
Technical University of Braunschweig,Ingenieurwissenschaften,ingenieurwesen@tu-braunschweig.de,711
Technical University of Braunschweig,CAS/Immatrikulation,studium@tu-braunschweig.de,711
University of Hohenheim,studienberatung,studium@uni-hohenheim.de,711
University of Hohenheim,Bewerbung Bachelor,bewerbung-bachelor@uni-hohenheim.de,711
University of Hohenheim,Bewerbung Master,bewerbung-master@uni-hohenheim.de,711
University of Hohenheim,Promotion/PhD,promotion@uni-hohenheim.de,711
University of Hohenheim,International Office,international@uni-hohenheim.de,711
University of Hohenheim,Studentensekretariat,studierendensekretariat@uni-hohenheim.de,711
University of Hohenheim,Studienfinanzierung,studienfinanzierung@uni-hohenheim.de,711
University of Hohenheim,Wohnen/Accommodation,wohnen@uni-hohenheim.de,711
University of Hohenheim,Informatik/Fachbereich,studium@informatik.uni-hohenheim.de,711
University of Hohenheim,Ingenieurwissenschaften,ingenieurwesen@uni-hohenheim.de,711
University of Hohenheim,CAS/Immatrikulation,studium@uni-hohenheim.de,711
Martin Luther University Halle-Wittenberg,studienberatung,studium@uni-halle.de,751
Martin Luther University Halle-Wittenberg,Bewerbung Bachelor,bewerbung-bachelor@uni-halle.de,751
Martin Luther University Halle-Wittenberg,Bewerbung Master,bewerbung-master@uni-halle.de,751
Martin Luther University Halle-Wittenberg,Promotion/PhD,promotion@uni-halle.de,751
Martin Luther University Halle-Wittenberg,International Office,international@uni-halle.de,751
Martin Luther University Halle-Wittenberg,Studentensekretariat,studierendensekretariat@uni-halle.de,751
Martin Luther University Halle-Wittenberg,Studienfinanzierung,studienfinanzierung@uni-halle.de,751
Martin Luther University Halle-Wittenberg,Wohnen/Accommodation,wohnen@uni-halle.de,751
Martin Luther University Halle-Wittenberg,Informatik/Fachbereich,studium@informatik.uni-halle.de,751
Martin Luther University Halle-Wittenberg,Ingenieurwissenschaften,ingenieurwesen@uni-halle.de,751
Martin Luther University Halle-Wittenberg,CAS/Immatrikulation,studium@uni-halle.de,751
University of Marburg,studienberatung,studium@uni-marburg.de,771
University of Marburg,Bewerbung Bachelor,bewerbung-bachelor@uni-marburg.de,771
University of Marburg,Bewerbung Master,bewerbung-master@uni-marburg.de,771
University of Marburg,Promotion/PhD,promotion@uni-marburg.de,771
University of Marburg,International Office,international@uni-marburg.de,771
University of Marburg,Studentensekretariat,studierendensekretariat@uni-marburg.de,771
University of Marburg,Studienfinanzierung,studienfinanzierung@uni-marburg.de,771
University of Marburg,Wohnen/Accommodation,wohnen@uni-marburg.de,771
University of Marburg,Informatik/Fachbereich,studium@informatik.uni-marburg.de,771
University of Marburg,Ingenieurwissenschaften,ingenieurwesen@uni-marburg.de,771
University of Marburg,CAS/Immatrikulation,studium@uni-marburg.de,771
University of Duisburg-Essen,studienberatung,studium@uni-due.de,801
University of Duisburg-Essen,Bewerbung Bachelor,bewerbung-bachelor@uni-due.de,801
University of Duisburg-Essen,Bewerbung Master,bewerbung-master@uni-due.de,801
University of Duisburg-Essen,Promotion/PhD,promotion@uni-due.de,801
University of Duisburg-Essen,International Office,international@uni-due.de,801
University of Duisburg-Essen,Studentensekretariat,studierendensekretariat@uni-due.de,801
University of Duisburg-Essen,Studienfinanzierung,studienfinanzierung@uni-due.de,801
University of Duisburg-Essen,Wohnen/Accommodation,wohnen@uni-due.de,801
University of Duisburg-Essen,Informatik/Fachbereich,studium@informatik.uni-due.de,801
University of Duisburg-Essen,Ingenieurwissenschaften,ingenieurwesen@uni-due.de,801
University of Duisburg-Essen,CAS/Immatrikulation,studium@uni-due.de,801
University of Rostock,studienberatung,studienberatung@uni-rostock.de,851
University of Rostock,Bewerbung Bachelor,bewerbung-bachelor@uni-rostock.de,851
University of Rostock,Bewerbung Master,bewerbung-master@uni-rostock.de,851
University of Rostock,Promotion/PhD,promotion@uni-rostock.de,851
University of Rostock,International Office,international@uni-rostock.de,851
University of Rostock,Studentensekretariat,studierendensekretariat@uni-rostock.de,851
University of Rostock,Studienfinanzierung,studienfinanzierung@uni-rostock.de,851
University of Rostock,Wohnen/Accommodation,wohnen@uni-rostock.de,851
University of Rostock,Informatik/Fachbereich,studium@informatik.uni-rostock.de,851
University of Rostock,Ingenieurwissenschaften,ingenieurwesen@uni-rostock.de,851
University of Rostock,CAS/Immatrikulation,studium@uni-rostock.de,851
Heinrich Heine University Düsseldorf,studienberatung,studium@hhu.de,851
Heinrich Heine University Düsseldorf,Bewerbung Bachelor,bewerbung-bachelor@hhu.de,851
Heinrich Heine University Düsseldorf,Bewerbung Master,bewerbung-master@hhu.de,851
Heinrich Heine University Düsseldorf,Promotion/PhD,promotion@hhu.de,851
Heinrich Heine University Düsseldorf,International Office,international@hhu.de,851
Heinrich Heine University Düsseldorf,Studentensekretariat,studierendensekretariat@hhu.de,851
Heinrich Heine University Düsseldorf,Studienfinanzierung,studienfinanzierung@hhu.de,851
Heinrich Heine University Düsseldorf,Wohnen/Accommodation,wohnen@hhu.de,851
Heinrich Heine University Düsseldorf,Informatik/Fachbereich,studium@cs.hhu.de,851
Heinrich Heine University Düsseldorf,Ingenieurwissenschaften,ingenieurwesen@hhu.de,851
Heinrich Heine University Düsseldorf,CAS/Immatrikulation,studium@hhu.de,851
Bielefeld University,studienberatung,studium@uni-bielefeld.de,1001
Bielefeld University,Bewerbung Bachelor,bewerbung-bachelor@uni-bielefeld.de,1001
Bielefeld University,Bewerbung Master,bewerbung-master@uni-bielefeld.de,1001
Bielefeld University,Promotion/PhD,promotion@uni-bielefeld.de,1001
Bielefeld University,International Office,international@uni-bielefeld.de,1001
Bielefeld University,Studentensekretariat,studierendensekretariat@uni-bielefeld.de,1001
Bielefeld University,Studienfinanzierung,studienfinanzierung@uni-bielefeld.de,1001
Bielefeld University,Wohnen/Accommodation,wohnen@uni-bielefeld.de,1001
Bielefeld University,Informatik/Fachbereich,studium@informatik.uni-bielefeld.de,1001
Bielefeld University,Ingenieurwissenschaften,ingenieurwesen@uni-bielefeld.de,1001
Bielefeld University,CAS/Immatrikulation,studium@uni-bielefeld.de,1001
University of Siegen,studienberatung,info.studienberatung@zsb.uni-siegen.de,1201
University of Siegen,Bewerbung Bachelor,bewerbung-bachelor@uni-siegen.de,1201
University of Siegen,Bewerbung Master,bewerbung-master@uni-siegen.de,1201
University of Siegen,Promotion/PhD,promotion@uni-siegen.de,1201
University of Siegen,International Office,international@uni-siegen.de,1201
University of Siegen,Studentensekretariat,studierendensekretariat@uni-siegen.de,1201
University of Siegen,Studienfinanzierung,studienfinanzierung@uni-siegen.de,1201
University of Siegen,Wohnen/Accommodation,wohnen@uni-siegen.de,1201
University of Siegen,Informatik/Fachbereich,studium@informatik.uni-siegen.de,1201
University of Siegen,Ingenieurwissenschaften,ingenieurwesen@uni-siegen.de,1201
University of Siegen,CAS/Immatrikulation,studium@uni-siegen.de,1201
RPTU Kaiserslautern-Landau,studienberatung,studium@rptu.de,1201
RPTU Kaiserslautern-Landau,Bewerbung Bachelor,bewerbung-bachelor@rptu.de,1201
RPTU Kaiserslautern-Landau,Bewerbung Master,bewerbung-master@rptu.de,1201
RPTU Kaiserslautern-Landau,Promotion/PhD,promotion@rptu.de,1201
RPTU Kaiserslautern-Landau,International Office,international@rptu.de,1201
RPTU Kaiserslautern-Landau,Studentensekretariat,studierendensekretariat@rptu.de,1201
RPTU Kaiserslautern-Landau,Studienfinanzierung,studienfinanzierung@rptu.de,1201
RPTU Kaiserslautern-Landau,Wohnen/Accommodation,wohnen@rptu.de,1201
RPTU Kaiserslautern-Landau,Informatik/Fachbereich,studium@informatik.rptu.de,1201
RPTU Kaiserslautern-Landau,Ingenieurwissenschaften,ingenieurwesen@rptu.de,1201
RPTU Kaiserslautern-Landau,CAS/Immatrikulation,studium@rptu.de,1201
Ilmenau University of Technology,studienberatung,studienberatung@tu-ilmenau.de,N/A
Ilmenau University of Technology,Bewerbung Bachelor,bewerbung-bachelor@tu-ilmenau.de,N/A
Ilmenau University of Technology,Bewerbung Master,bewerbung-master@tu-ilmenau.de,N/A
Ilmenau University of Technology,Promotion/PhD,promotion@tu-ilmenau.de,N/A
Ilmenau University of Technology,International Office,internationaloffice@tu-ilmenau.de,N/A
Ilmenau University of Technology,Studentensekretariat,studierendensekretariat@tu-ilmenau.de,N/A
Ilmenau University of Technology,Studienfinanzierung,studienfinanzierung@tu-ilmenau.de,N/A
Ilmenau University of Technology,Wohnen/Accommodation,wohnen@tu-ilmenau.de,N/A
Ilmenau University of Technology,Informatik/Fachbereich,studium@informatik.tu-ilmenau.de,N/A
Ilmenau University of Technology,Ingenieurwissenschaften,ingenieurwesen@tu-ilmenau.de,N/A
Ilmenau University of Technology,CAS/Immatrikulation,studium@tu-ilmenau.de,N/A
University of Passau,studienberatung,studienberatung@uni-passau.de,N/A
University of Passau,Bewerbung Bachelor,bewerbung-bachelor@uni-passau.de,N/A
University of Passau,Bewerbung Master,bewerbung-master@uni-passau.de,N/A
University of Passau,Promotion/PhD,promotion@uni-passau.de,N/A
University of Passau,International Office,auslandspraktikum@uni-passau.de,N/A
University of Passau,Studentensekretariat,studierendensekretariat@uni-passau.de,N/A
University of Passau,Studienfinanzierung,studienfinanzierung@uni-passau.de,N/A
University of Passau,Wohnen/Accommodation,wohnen@uni-passau.de,N/A
University of Passau,Informatik/Fachbereich,studium@informatik.uni-passau.de,N/A
University of Passau,Ingenieurwissenschaften,ingenieurwesen@uni-passau.de,N/A
University of Passau,CAS/Immatrikulation,studium@uni-passau.de,N/A
Paderborn University,studienberatung,studium@uni-paderborn.de,N/A
Paderborn University,Bewerbung Bachelor,bewerbung-bachelor@uni-paderborn.de,N/A
Paderborn University,Bewerbung Master,bewerbung-master@uni-paderborn.de,N/A
Paderborn University,Promotion/PhD,promotion@uni-paderborn.de,N/A
Paderborn University,International Office,international@uni-paderborn.de,N/A
Paderborn University,Studentensekretariat,servicecenter@zv.uni-paderborn.de,N/A
Paderborn University,Studienfinanzierung,studienfinanzierung@uni-paderborn.de,N/A
Paderborn University,Wohnen/Accommodation,wohnen@uni-paderborn.de,N/A
Paderborn University,Informatik/Fachbereich,studium@informatik.uni-paderborn.de,N/A
Paderborn University,Ingenieurwissenschaften,ingenieurwesen@uni-paderborn.de,N/A
Paderborn University,CAS/Immatrikulation,studium@uni-paderborn.de,N/A
Constructor University Bremen,studienberatung,study@constructor.university,N/A
Constructor University Bremen,Bewerbung Bachelor,bewerbung-bachelor@constructor.university,N/A
Constructor University Bremen,Bewerbung Master,bewerbung-master@constructor.university,N/A
Constructor University Bremen,Promotion/PhD,promotion@constructor.university,N/A
Constructor University Bremen,International Office,international@constructor.university,N/A
Constructor University Bremen,Studentensekretariat,studierendensekretariat@constructor.university,N/A
Constructor University Bremen,Studienfinanzierung,studienfinanzierung@constructor.university,N/A
Constructor University Bremen,Wohnen/Accommodation,wohnen@constructor.university,N/A
Constructor University Bremen,Informatik/Fachbereich,cs@constructor.university,N/A
Constructor University Bremen,Ingenieurwissenschaften,ingenieurwesen@constructor.university,N/A
Constructor University Bremen,CAS/Immatrikulation,studium@constructor.university,N/A
University of Greifswald,studienberatung,studium@uni-greifswald.de,N/A
University of Greifswald,Bewerbung Bachelor,bewerbung-bachelor@uni-greifswald.de,N/A
University of Greifswald,Bewerbung Master,bewerbung-master@uni-greifswald.de,N/A
University of Greifswald,Promotion/PhD,promotion@uni-greifswald.de,N/A
University of Greifswald,International Office,international.office@uni-greifswald.de,N/A
University of Greifswald,Studentensekretariat,studierendensekretariat@uni-greifswald.de,N/A
University of Greifswald,Studienfinanzierung,studienfinanzierung@uni-greifswald.de,N/A
University of Greifswald,Wohnen/Accommodation,wohnen@uni-greifswald.de,N/A
University of Greifswald,Informatik/Fachbereich,studium@informatik.uni-greifswald.de,N/A
University of Greifswald,Ingenieurwissenschaften,ingenieurwesen@uni-greifswald.de,N/A
University of Greifswald,CAS/Immatrikulation,studium@uni-greifswald.de,N/A
Leuphana University Lüneburg,studienberatung,studium@leuphana.de,N/A
Leuphana University Lüneburg,Bewerbung Bachelor,bewerbung-bachelor@leuphana.de,N/A
Leuphana University Lüneburg,Bewerbung Master,bewerbung-master@leuphana.de,N/A
Leuphana University Lüneburg,Promotion/PhD,promotion@leuphana.de,N/A
Leuphana University Lüneburg,International Office,international@leuphana.de,N/A
Leuphana University Lüneburg,Studentensekretariat,studierendensekretariat@leuphana.de,N/A
Leuphana University Lüneburg,Studienfinanzierung,studienfinanzierung@leuphana.de,N/A
Leuphana University Lüneburg,Wohnen/Accommodation,wohnen@leuphana.de,N/A
Leuphana University Lüneburg,Informatik/Fachbereich,informatik@leuphana.de,N/A
Leuphana University Lüneburg,Ingenieurwissenschaften,ingenieurwesen@leuphana.de,N/A
Leuphana University Lüneburg,CAS/Immatrikulation,studium@leuphana.de,N/A
University of Wuppertal,studienberatung,studium@uni-wuppertal.de,N/A
University of Wuppertal,Bewerbung Bachelor,bewerbung-bachelor@uni-wuppertal.de,N/A
University of Wuppertal,Bewerbung Master,bewerbung-master@uni-wuppertal.de,N/A
University of Wuppertal,Promotion/PhD,promotion@uni-wuppertal.de,N/A
University of Wuppertal,International Office,international@uni-wuppertal.de,N/A
University of Wuppertal,Studentensekretariat,studierendensekretariat@uni-wuppertal.de,N/A
University of Wuppertal,Studienfinanzierung,studienfinanzierung@uni-wuppertal.de,N/A
University of Wuppertal,Wohnen/Accommodation,wohnen@uni-wuppertal.de,N/A
University of Wuppertal,Informatik/Fachbereich,studium@informatik.uni-wuppertal.de,N/A
University of Wuppertal,Ingenieurwissenschaften,ingenieurwesen@uni-wuppertal.de,N/A
University of Wuppertal,CAS/Immatrikulation,studium@uni-wuppertal.de,N/A
Hamburg University of Technology (TUHH),studienberatung,studium@tuhh.de,N/A
Hamburg University of Technology (TUHH),Bewerbung Bachelor,bewerbung-bachelor@tuhh.de,N/A
Hamburg University of Technology (TUHH),Bewerbung Master,bewerbung-master@tuhh.de,N/A
Hamburg University of Technology (TUHH),Promotion/PhD,promotion@tuhh.de,N/A
Hamburg University of Technology (TUHH),International Office,international@tuhh.de,N/A
Hamburg University of Technology (TUHH),Studentensekretariat,studierendensekretariat@tuhh.de,N/A
Hamburg University of Technology (TUHH),Studienfinanzierung,studienfinanzierung@tuhh.de,N/A
Hamburg University of Technology (TUHH),Wohnen/Accommodation,wohnen@tuhh.de,N/A
Hamburg University of Technology (TUHH),Informatik/Fachbereich,studium@tuhh.de,N/A
Hamburg University of Technology (TUHH),Ingenieurwissenschaften,ingenieurwesen@tuhh.de,N/A
Hamburg University of Technology (TUHH),CAS/Immatrikulation,studium@tuhh.de,N/A
Otto von Guericke University Magdeburg,studienberatung,studium@ovgu.de,N/A
Otto von Guericke University Magdeburg,Bewerbung Bachelor,bewerbung-bachelor@ovgu.de,N/A
Otto von Guericke University Magdeburg,Bewerbung Master,bewerbung-master@ovgu.de,N/A
Otto von Guericke University Magdeburg,Promotion/PhD,promotion@ovgu.de,N/A
Otto von Guericke University Magdeburg,International Office,international@ovgu.de,N/A
Otto von Guericke University Magdeburg,Studentensekretariat,studierendensekretariat@ovgu.de,N/A
Otto von Guericke University Magdeburg,Studienfinanzierung,studienfinanzierung@ovgu.de,N/A
Otto von Guericke University Magdeburg,Wohnen/Accommodation,wohnen@ovgu.de,N/A
Otto von Guericke University Magdeburg,Informatik/Fachbereich,studium@informatik.ovgu.de,N/A
Otto von Guericke University Magdeburg,Ingenieurwissenschaften,ingenieurwesen@ovgu.de,N/A
Otto von Guericke University Magdeburg,CAS/Immatrikulation,studium@ovgu.de,N/A
University of Kassel,studienberatung,studium@uni-kassel.de,N/A
University of Kassel,Bewerbung Bachelor,bewerbung-bachelor@uni-kassel.de,N/A
University of Kassel,Bewerbung Master,bewerbung-master@uni-kassel.de,N/A
University of Kassel,Promotion/PhD,promotion@uni-kassel.de,N/A
University of Kassel,International Office,international@uni-kassel.de,N/A
University of Kassel,Studentensekretariat,studierendensekretariat@uni-kassel.de,N/A
University of Kassel,Studienfinanzierung,studienfinanzierung@uni-kassel.de,N/A
University of Kassel,Wohnen/Accommodation,wohnen@uni-kassel.de,N/A
University of Kassel,Informatik/Fachbereich,studium@informatik.uni-kassel.de,N/A
University of Kassel,Ingenieurwissenschaften,ingenieurwesen@uni-kassel.de,N/A
University of Kassel,CAS/Immatrikulation,studium@uni-kassel.de,N/A
University of Oldenburg,studienberatung,studium@uni-oldenburg.de,N/A
University of Oldenburg,Bewerbung Bachelor,bewerbung-bachelor@uni-oldenburg.de,N/A
University of Oldenburg,Bewerbung Master,bewerbung-master@uni-oldenburg.de,N/A
University of Oldenburg,Promotion/PhD,promotion@uni-oldenburg.de,N/A
University of Oldenburg,International Office,international@uni-oldenburg.de,N/A
University of Oldenburg,Studentensekretariat,studierendensekretariat@uni-oldenburg.de,N/A
University of Oldenburg,Studienfinanzierung,studienfinanzierung@uni-oldenburg.de,N/A
University of Oldenburg,Wohnen/Accommodation,wohnen@uni-oldenburg.de,N/A
University of Oldenburg,Informatik/Fachbereich,studium@informatik.uni-oldenburg.de,N/A
University of Oldenburg,Ingenieurwissenschaften,ingenieurwesen@uni-oldenburg.de,N/A
University of Oldenburg,CAS/Immatrikulation,studium@uni-oldenburg.de,N/A
University of Augsburg,studienberatung,studium@uni-augsburg.de,N/A
University of Augsburg,Bewerbung Bachelor,bewerbung-bachelor@uni-augsburg.de,N/A
University of Augsburg,Bewerbung Master,bewerbung-master@uni-augsburg.de,N/A
University of Augsburg,Promotion/PhD,promotion@uni-augsburg.de,N/A
University of Augsburg,International Office,international@uni-augsburg.de,N/A
University of Augsburg,Studentensekretariat,studierendensekretariat@uni-augsburg.de,N/A
University of Augsburg,Studienfinanzierung,studienfinanzierung@uni-augsburg.de,N/A
University of Augsburg,Wohnen/Accommodation,wohnen@uni-augsburg.de,N/A
University of Augsburg,Informatik/Fachbereich,studium@informatik.uni-augsburg.de,N/A
University of Augsburg,Ingenieurwissenschaften,ingenieurwesen@uni-augsburg.de,N/A
University of Augsburg,CAS/Immatrikulation,studium@uni-augsburg.de,N/A
University of Lübeck,studienberatung,studium@uni-luebeck.de,N/A
University of Lübeck,Bewerbung Bachelor,bewerbung-bachelor@uni-luebeck.de,N/A
University of Lübeck,Bewerbung Master,bewerbung-master@uni-luebeck.de,N/A
University of Lübeck,Promotion/PhD,promotion@uni-luebeck.de,N/A
University of Lübeck,International Office,international@uni-luebeck.de,N/A
University of Lübeck,Studentensekretariat,studierendensekretariat@uni-luebeck.de,N/A
University of Lübeck,Studienfinanzierung,studienfinanzierung@uni-luebeck.de,N/A
University of Lübeck,Wohnen/Accommodation,wohnen@uni-luebeck.de,N/A
University of Lübeck,Informatik/Fachbereich,studium@informatik.uni-luebeck.de,N/A
University of Lübeck,Ingenieurwissenschaften,ingenieurwesen@uni-luebeck.de,N/A
University of Lübeck,CAS/Immatrikulation,studium@uni-luebeck.de,N/A
