University,Category,Email,Score,Source
University of Konstanz,International Office,international@uni-konstanz.de,11,https://www.uni-konstanz.de/international-office
University of Konstanz,Studium/Allgemein,studium@uni-konstanz.de,10,https://www.uni-konstanz.de/studium
Martin Luther University Halle-Wittenberg,Allgemeiner Kontakt,info@international.uni-halle.de,3,https://www.uni-halle.de/international
Martin Luther University Halle-Wittenberg,Allgemeiner Kontakt,info@international.uni,2,https://www.uni-halle.de/international
Ilmenau University of Technology,Studienberatung,studienberatung@tu-ilmenau.de,13,https://www.tu-ilmenau.de/studium
Ilmenau University of Technology,Allgemeiner Kontakt,info.apply@tu-ilmenau.de,12,https://www.tu-ilmenau.de/studium
Ilmenau University of Technology,International Office,internationaloffice@tu-ilmenau.de,11,https://www.tu-ilmenau.de/international
Friedrich Schiller University Jena,International Office,international@uni-jena.de,11,https://www.uni-jena.de/studium
University of Marburg,Allgemeiner Kontakt,info@uni-marburg.de,3,https://www.uni-marburg.de/impressum
University of Passau,Studienberatung,studienberatung@uni-passau.de,13,https://www.uni-passau.de/studium
University of Passau,International Office,international@uni-passau.de,11,https://www.uni-passau.de/studium
University of Passau,Studentensekretariat,studierendensekretariat@uni-passau.de,8,https://www.uni-passau.de/studium
University of Passau,International Office,auslandspraktikum@uni-passau.de,5,https://www.uni-passau.de/studium
University of Passau,Studium/Allgemein,studierendenausweis@uni-passau.de,2,https://www.uni-passau.de/studierendensekretariat
Freie Universität Berlin,Allgemeiner Kontakt,info-service@fu-berlin.de,6,https://www.fu-berlin.de/studium
Goethe University Frankfurt,Sonstiges,webmaster@uni-frankfurt.de,5,https://www.uni-frankfurt.de/impressum
Goethe University Frankfurt,Sonstiges,u003ewebmaster@uni-frankfurt.de,5,https://www.uni-frankfurt.de/impressum
University of Freiburg,Studium/Allgemein,studium@uni-freiburg.de,10,https://www.uni-freiburg.de/kontakt
University of Freiburg,Sonstiges,webmaster@uni-freiburg.de,5,https://www.uni-freiburg.de/impressum
University of Freiburg,Allgemeiner Kontakt,info@uni-freiburg.de,3,https://www.uni-freiburg.de/impressum
University of Freiburg,Allgemeiner Kontakt,info@verwaltung.uni-freiburg.de,3,https://www.uni-freiburg.de/kontakt
University of Freiburg,Allgemeiner Kontakt,info@swfr.de,3,https://www.uni-freiburg.de/kontakt
University of Freiburg,Studium/Allgemein,study@uni-freiburg.de,2,https://www.uni-freiburg.de/kontakt
Ulm University,Allgemeiner Kontakt,lptinfo@uni-ulm.de,3,https://www.uni-ulm.de/kontakt
University of Bonn,International Office,international@uni-bonn.de,11,https://www.uni-bonn.de/international-office
University of Bonn,Studium/Allgemein,intstud@verwaltung.uni-bonn.de,2,https://www.uni-bonn.de/international-office
University of Bonn,Studium/Allgemein,study@uni-bonn.de,2,https://www.uni-bonn.de/international-office
University of Duisburg-Essen,International Office,international@uni-due.de,11,https://www.uni-due.de/studium
Paderborn University,Sonstiges,webmaster@uni-paderborn.de,5,https://www.uni-paderborn.de/impressum
Paderborn University,Service,servicecenter@zv.uni-paderborn.de,4,https://www.uni-paderborn.de/kontakt
Heidelberg University,Studium/Allgemein,studium@uni-heidelberg.de,10,https://www.uni-heidelberg.de/international
University of Münster,International Office,international.office@uni-muenster.de,11,https://www.uni-muenster.de/international-office
University of Münster,Studentensekretariat,studierendensekretariat@uni-muenster.de,8,https://www.uni-muenster.de/studium/bewerbung
Constructor University Bremen,Allgemeiner Kontakt,info@constructor.university,2,https://www.constructor.university/impressum
University of Rostock,Studienberatung,studienberatung@uni-rostock.de,13,https://www.uni-rostock.de/studienberatung
Johannes Gutenberg University Mainz,Sonstiges,webmaster@uni-mainz.de,5,https://www.uni-mainz.de/impressum
Johannes Gutenberg University Mainz,Sonstiges,u003ewebmaster@uni-mainz.de,5,https://www.uni-mainz.de/impressum
Karlsruhe Institute of Technology (KIT),Allgemeiner Kontakt,info@kit.edu,2,https://www.kit.edu/impressum
Karlsruhe Institute of Technology (KIT),Allgemeiner Kontakt,informationssicherheitsbeauftragter@kit.edu,2,https://www.kit.edu/impressum
Ruhr University Bochum,International Office,international@rub.de,11,https://www.ruhr-uni-bochum.de/kontakt
Ruhr University Bochum,Studium/Allgemein,stud-sekretariat@ruhr-uni-bochum.de,4,https://www.ruhr-uni-bochum.de/kontakt
University of Greifswald,International Office,international.office@uni-greifswald.de,11,https://www.uni-greifswald.de/international
University of Greifswald,Sonstiges,webmaster@uni-greifswald.de,5,https://www.uni-greifswald.de/impressum
University of Greifswald,Allgemeiner Kontakt,info@pluswerk.digital,2,https://www.uni-greifswald.de/impressum
University of Augsburg,Allgemeiner Kontakt,info@presse.uni-augsburg.de,3,https://www.uni-augsburg.de/impressum
University of Augsburg,Allgemeiner Kontakt,info@zsb.uni-augsburg.de,3,https://www.uni-augsburg.de/studienberatung
University of Lübeck,Studentensekretariat,studierendensekretariat@uni-luebeck.de,8,https://www.uni-luebeck.de/studium
University of Lübeck,Service,cdsl.service@uni-luebeck.de,4,https://www.uni-luebeck.de/promotion
University of Lübeck,Allgemeiner Kontakt,info@parrot-media.de,3,https://www.uni-luebeck.de/studium
RWTH Aachen University,Bewerbung/Zulassung,zulassung@zhv.rwth-aachen.de,11,https://www.rwth-aachen.de/studierendensekretariat
RWTH Aachen University,Studium/Allgemein,studsek@zhv.rwth-aachen.de,2,https://www.rwth-aachen.de/studierendensekretariat
TU Dortmund University,Bewerbung Master,master-studium@tu-dortmund.de,14,https://www.tu-dortmund.de/studierendensekretariat
TU Dortmund University,Bewerbung/Zulassung,zulassungsverfahren@tu-dortmund.de,11,https://www.tu-dortmund.de/studierendensekretariat
TU Dortmund University,Studium/Allgemein,bescheinigungen-studium@tu-dortmund.de,10,https://www.tu-dortmund.de/studierendensekretariat
TU Dortmund University,Studium/Allgemein,krankenversicherung-studium@tu-dortmund.de,10,https://www.tu-dortmund.de/studierendensekretariat
TU Dortmund University,Studentensekretariat,studierendensekretariat@tu-dortmund.de,8,https://www.tu-dortmund.de/studierendensekretariat
TU Dortmund University,Studium/Allgemein,studiengangswechsel@tu-dortmund.de,2,https://www.tu-dortmund.de/studierendensekretariat
University of Würzburg,Studienberatung,studienberatung@uni-wuerzburg.de,13,https://www.uni-wuerzburg.de/studium
TU Bergakademie Freiberg,Bewerbung/Zulassung,zulassungsbuero@zuv.tu-freiberg.de,11,https://www.tu-freiberg.de/bewerbung
FAU Erlangen-Nuremberg,Bewerbung/Zulassung,zulassungsstelle@fau.de,11,https://www.fau.de/kontakt
FAU Erlangen-Nuremberg,Sonstiges,zuv-masterbuero@fau.de,5,https://www.fau.de/kontakt
FAU Erlangen-Nuremberg,Studium/Allgemein,studierendenverwaltung@fau.de,2,https://www.fau.de/kontakt
University of Göttingen,Studium/Allgemein,infoline-studium@uni-goettingen.de,12,https://www.uni-goettingen.de/bewerbung
University of Göttingen,Studium/Allgemein,studiendekanat@med.uni-goettingen.de,2,https://www.uni-goettingen.de/bewerbung
Justus Liebig University Giessen,Sonstiges,webmaster-cms@uni-giessen.de,5,https://www.uni-giessen.de/impressum
Ludwig Maximilian University of Munich (LMU),International Office,international@lmu.de,11,https://www.lmu.de/international
Technical University of Munich (TUM),Allgemeiner Kontakt,info@tum.de,3,https://www.tum.de/impressum
Leibniz University Hannover,Studium/Allgemein,studium@uni-hannover.de,10,https://www.uni-hannover.de/impressum
University of Siegen,Studienberatung,info.studienberatung@zsb.uni-siegen.de,15,https://www.uni-siegen.de/studierendensekretariat
